{
  "vertices": [
    [
      0.4729999899864197,
      213.02000427246094,
      378.0432434082031
    ],
    [
      0.27300000190734863,
      215.7324981689453,
      380.7442321777344
    ],
    [
      0.0729999989271164,
      218.44500732421875,
      383.4452209472656
    ],
    [
      -0.2770000100135803,
      223.20199584960938,
      378.0462341308594
    ],
    [
      -8.54800033569336,
      215.09800720214844,
      380.6327209472656
    ],
    [
      -17.16900062561035,
      211.75100708007812,
      377.8202209472656
    ],
    [
      -17.368499755859375,
      214.4635009765625,
      380.5207214355469
    ],
    [
      -17.56800079345703,
      217.17599487304688,
      383.2212219238281
    ],
    [
      -17.742000579833984,
      219.5395050048828,
      380.521728515625
    ],
    [
      -17.916000366210938,
      221.9029998779297,
      377.8222351074219
    ]
  ],
  "faces": [
    [
      3,
      9,
      2
    ],
    [
      8,
      2,
      9
    ],
    [
      7,
      2,
      8
    ],
    [
      6,
      2,
      7
    ],
    [
      5,
      4,
      6
    ],
    [
      2,
      6,
      4
    ],
    [
      2,
      4,
      1
    ],
    [
      5,
      0,
      4
    ],
    [
      0,
      1,
      4
    ]
  ]
}